id,t,size,duration,p_j,g_j,lr_j,p_wap,p_wag,n_j,p_sen,p_fem,lr_ij_sd
be_ch.CDEM-F,1991,150,5,CDEM-F,1,5.5,0.5333333333333333,0.26666666666666666,4,1,0,1.3202813552962327
be_ch.CDEM-F,1995,150,5,CDEM-F,1,5.5,0.3888888888888889,0.2222222222222222,7,1,0.14285714285714285,1.1224644629511595
be_ch.CDEM-F,1999,150,5,CDEM-F,0,5.5,0.15384615384615385,0.1282051282051282,6,1,0.16666666666666666,0.5988110825992435
be_ch.CDEM-F,2003,150,5,CDEM-F,0,5.5,0.13793103448275862,0.08620689655172414,8,1,0.375,0.9175001098707853
be_ch.CDEM-V,1991,150,5,CDEM-V,1,5.8,0.2777777777777778,0.09722222222222222,12,1,0,1.1700429275390003
be_ch.CDEM-V,1995,150,5,CDEM-V,1,5.8,0.256,0.04,17,1,0.23529411764705882,0.9826381577879486
be_ch.CDEM-V,1999,150,5,CDEM-V,0,5.8,0.10857142857142857,0.06857142857142857,16,1,0.25,0.7136577235109536
be_ch.CDEM-V,2003,150,5,CDEM-V,0,5.8,0.027932960893854747,0.0111731843575419,21,1,0.3333333333333333,0.18206902691815452
be_ch.ECOLO,1991,150,5,ECOLO,0,2.6,0.018518518518518517,0.018518518518518517,14,1,0,0.04931969619160716
be_ch.ECOLO,1995,150,5,ECOLO,0,2.6,0.05555555555555555,0.05555555555555555,11,1,0.09090909090909091,0.7333475124216653
be_ch.ECOLO,1999,150,5,ECOLO,1,2.6,0.0945945945945946,0,16,1,0.6875,1.0057451857116702
be_ch.ECOLO,2003,150,5,ECOLO,0,2.6,0.19047619047619047,0.11904761904761904,5,1,0.6,1.4978556100543963
be_ch.LIB-F,1991,150,5,LIB-F,0,6.8,0.12857142857142856,0.014285714285714285,14,1,0,0.1965290824313982
be_ch.LIB-F,1995,150,5,LIB-F,0,6.8,0.25609756097560976,0.18292682926829268,11,1,0.09090909090909091,1.315755342460034
be_ch.LIB-F,1999,150,5,LIB-F,1,6.8,0.2830188679245283,0.1509433962264151,14,1,0.21428571428571427,1.0557603994949085
be_ch.LIB-F,2003,150,5,LIB-F,1,6.8,0.1951219512195122,0.056910569105691054,16,1,0.375,1.3222875800840164
be_ch.LIB-V,1991,150,5,LIB-V,0,7,0.07407407407407407,0.037037037037037035,11,1,0,0.5821290296731135
be_ch.LIB-V,1995,150,5,LIB-V,0,7,0.14634146341463414,0.04878048780487805,6,1,0,0.307328419733284
be_ch.LIB-V,1999,150,5,LIB-V,1,7,0.4032258064516129,0.11290322580645161,11,1,0.09090909090909091,1.660305030593112
be_ch.LIB-V,2003,150,5,LIB-V,1,7,0.143646408839779,0.04419889502762431,21,1,0.3333333333333333,0.9590537664719987
be_ch.SOC-F,1991,150,5,SOC-F,1,2.9,0.2619047619047619,0.14285714285714285,10,1,0.2,1.2035311294217443
be_ch.SOC-F,1995,150,5,SOC-F,1,2.9,0.3076923076923077,0,10,1,0.1,0.7537019746999915
be_ch.SOC-F,1999,150,5,SOC-F,1,2.9,0.35789473684210527,0.06315789473684211,14,1,0.21428571428571427,1.4617124876675975
be_ch.SOC-F,2003,150,5,SOC-F,1,2.9,0.23837209302325582,0.05232558139534884,17,1,0.4117647058823529,0.9964801705670293
be_ch.SOC-V,1991,150,5,SOC-V,1,3.3,0.265625,0.1875,10,1,0,1.1402740739469304
be_ch.SOC-V,1995,150,5,SOC-V,1,3.3,0.43037974683544306,0.12658227848101267,14,1,0.07142857142857142,1.2360611725243302
be_ch.SOC-V,1999,150,5,SOC-V,1,3.3,0.4791666666666667,0.15625,13,1,0.23076923076923078,1.4855442452914074
be_ch.SOC-V,2003,150,5,SOC-V,1,3.3,0.3007518796992481,0.07518796992481203,19,1,0.5789473684210527,1.1717516967071069
be_ch.VLAAMS,1991,150,5,VLAAMS,0,9.7,0,0,3,1,0,0
be_ch.VLAAMS,1995,150,5,VLAAMS,0,9.7,0,0,8,1,0,0
be_ch.VLAAMS,1999,150,5,VLAAMS,0,9.7,0,0,10,1,0.1,0
be_ch.VLAAMS,2003,150,5,VLAAMS,0,9.7,0,0,16,1,0.1875,0
be_ch.VOLKS,1991,150,5,VOLKS,0,6.5,0,0,3,1,0,0
be_ch.VOLKS,1995,150,5,VOLKS,0,6.5,0.4722222222222222,0.25,5,1,0.2,1.2502137748235782
be_ch.VOLKS,1999,150,5,VOLKS,0,6.5,0.23214285714285715,0.10714285714285714,7,1,0.42857142857142855,1.0660952770671797
be_ch.VOLKS,2003,150,5,VOLKS,0,6.5,1,0.3333333333333333,2,1,0,0.6210206652492868
be_se.CDEM-F,1995,60,5,CDEM-F,1,5.5,0.5964912280701754,0.24561403508771928,7,1,0.5714285714285714,1.7059858138036272
be_se.CDEM-F,1999,60,5,CDEM-F,0,5.5,0.17647058823529413,0.11764705882352941,5,1,0.4,1.1378062992456908
be_se.CDEM-F,2003,60,5,CDEM-F,0,5.5,0.21794871794871795,0.11538461538461539,4,1,0.25,1.3489774867432962
be_se.CDEM-V,1995,60,5,CDEM-V,1,5.8,0.5535714285714286,0.15476190476190477,10,1,0.3,1.5032123851097936
be_se.CDEM-V,1999,60,5,CDEM-V,0,5.8,0.25280898876404495,0.16853932584269662,10,1,0.4,1.1241730344390706
be_se.CDEM-V,2003,60,5,CDEM-V,0,5.8,0.13523131672597866,0.08896797153024912,10,1,0.3,0.9669979066452578
be_se.ECOLO,1995,60,5,ECOLO,0,2.6,0.3389830508474576,0.1864406779661017,5,1,0.4,1.9705262724263741
be_se.ECOLO,1999,60,5,ECOLO,1,2.6,0.47761194029850745,0.1044776119402985,7,1,0.14285714285714285,1.685884366079418
be_se.ECOLO,2003,60,5,ECOLO,0,2.6,0.1111111111111111,0.1111111111111111,3,1,0.3333333333333333,0.1341640786499873
be_se.LIB-F,1995,60,5,LIB-F,0,6.8,0.4444444444444444,0.3148148148148148,7,1,0,1.9370817520914583
be_se.LIB-F,1999,60,5,LIB-F,1,6.8,0.8148148148148148,0.25925925925925924,7,1,0.2857142857142857,1.8296962401097927
be_se.LIB-F,2003,60,5,LIB-F,1,6.8,0.5321100917431193,0.21100917431192662,8,1,0.375,1.6316953646284456
be_se.LIB-V,1995,60,5,LIB-V,0,7,0.6333333333333333,0.26666666666666666,4,1,0.5,2.21294890522643
be_se.LIB-V,1999,60,5,LIB-V,1,7,0.7391304347826086,0.15217391304347827,8,1,0.5,1.943520831903717
be_se.LIB-V,2003,60,5,LIB-V,1,7,0.2913907284768212,0.052980132450331126,8,1,0.5,1.7468580978377277
be_se.SOC-F,1995,60,5,SOC-F,1,2.9,0.7744360902255639,0.21804511278195488,8,1,0,1.5645704041949904
be_se.SOC-F,1999,60,5,SOC-F,1,2.9,0.675,0.0625,9,1,0.2222222222222222,1.658699386219864
be_se.SOC-F,2003,60,5,SOC-F,1,2.9,0.3384615384615385,0.1076923076923077,12,1,0.3333333333333333,1.6046240001377836
be_se.SOC-V,1995,60,5,SOC-V,1,3.3,0.7743362831858407,0.47345132743362833,9,1,0.4444444444444444,1.8487805956147552
be_se.SOC-V,1999,60,5,SOC-V,1,3.3,0.8571428571428571,0.047619047619047616,5,1,0.6,2.0012101601938657
be_se.SOC-V,2003,60,5,SOC-V,1,3.3,0.5308641975308642,0.1111111111111111,10,1,0.5,1.6121065043214238
be_se.VLAAMS,1995,60,5,VLAAMS,0,9.7,0.391304347826087,0.13043478260869565,2,1,0,2.309607264078833
be_se.VLAAMS,1999,60,5,VLAAMS,0,9.7,0,0,3,1,0.3333333333333333,0
be_se.VLAAMS,2003,60,5,VLAAMS,0,9.7,0.047619047619047616,0.047619047619047616,8,1,0.25,0.836821926075429
be_se.VOLKS,1995,60,5,VOLKS,0,6.5,0.5344827586206896,0.4827586206896552,2,1,0,2.58060531843283
be_se.VOLKS,1999,60,5,VOLKS,0,6.5,0.9090909090909091,0.9090909090909091,2,1,0,2.164165222692369
bg.A,2005,240,5,A,0,5.5,0.25609756097560976,0.25609756097560976,12,0.25,0.16666666666666666,1.2163203590941178
bg.A,2009,240,5,A,0,5.5,0.24537037037037038,0.10648148148148148,13,0.23076923076923078,0,1.2211300244385794
bg.A,2013,240,2,A,0,5.5,0,0,5,0,0.2,0
bg.A,2014,240,2,A,0,5.5,0,0,3,1,0,0
bg.BBZ,2014,240,2,BBZ,0,7.4,0.2125,0.1125,6,0.3333333333333333,0,1.5002153525064672
bg.BNS,2005,240,5,BNS,0,5.8,0.23333333333333334,0.2,10,0.3,0.1,1.1600492600378165
bg.DPS,2005,240,5,DPS,1,4.6,0.8809523809523809,0.011904761904761904,16,0.6875,0.0625,1.34184809474183
bg.DPS,2009,240,5,DPS,0,4.6,0.057692307692307696,0,7,0.8571428571428571,0,0.37073221587356664
bg.DPS,2013,240,2,DPS,1,4.6,0.4166666666666667,0.027777777777777776,9,0.5555555555555556,0.1111111111111111,0.847120047221807
bg.DPS,2014,240,2,DPS,0,4.6,0,0,4,0.75,0.25,0
bg.DSB,2005,240,5,DSB,0,7.9,0.3333333333333333,0.09803921568627451,11,0.8181818181818182,0.36363636363636365,1.6289323604498238
bg.GERB,2009,240,5,GERB,1,7.4,0.047079337401918046,0.047079337401918046,51,0.0196078431372549,0.37254901960784315,0.4600079083015634
bg.GERB,2013,240,2,GERB,0,7.4,0.008241758241758242,0.008241758241758242,24,0.5833333333333334,0.4583333333333333,0.39543133377864825
bg.GERB,2014,240,2,GERB,1,7.4,0.313404050144648,0.2709739633558341,23,0.9130434782608695,0.2608695652173913,1.2002150818660404
bg.KB,2005,240,5,KB,1,2.9,0.21052631578947367,0.022556390977443608,34,0.5,0.29411764705882354,1.0642831683675615
bg.KB,2009,240,5,KB,0,2.9,0.007142857142857143,0,24,0.625,0.20833333333333334,0.5385164807134503
bg.KB,2013,240,2,KB,1,2.9,0.0945945945945946,0.017374517374517374,35,0.4857142857142857,0.17142857142857143,0.6779024060196785
bg.KB,2014,240,2,KB,1,2.9,0.034782608695652174,0.02318840579710145,19,0.7368421052631579,0.15789473684210525,1.1334350388860617
bg.NMS,2005,240,5,NMS,1,5.8,0.16666666666666666,0.011111111111111112,23,0.782608695652174,0.6086956521739131,0.9024019018965905
bg.ODS,2005,240,5,ODS,0,7,0.30120481927710846,0.20481927710843373,11,0.36363636363636365,0.36363636363636365,1.313953225670476
bg.RB,2014,240,2,RB,0,7.4,0.11262798634812286,0.09215017064846416,24,0.25,0.125,1.0219627971076983
bg.RZS,2009,240,5,RZS,0,8.7,0.1509433962264151,0.009433962264150943,5,0.2,0.2,1.575127182492144
bg.SK,2009,240,5,SK,0,7.4,0.05701754385964912,0.008771929824561403,11,0.8181818181818182,0.09090909090909091,0.984633336189755
ch_cn.ADI,1995,200,5,ADI,0,3.3,0.6,0,1,0,1,2.501599488327418
ch_cn.DS,1995,200,5,DS,0,9.4,0.4117647058823529,0,1,1,0,0.40414518843273867
ch_cn.FPS,1995,200,5,FPS,0,8.1,0.8656716417910447,0.7238805970149254,2,1,0,0.9957547065468997
ch_cn.LEGA,1995,200,5,LEGA,0,8.7,1,0.603448275862069,1,1,0,2.442499311077771
ch_cn.LEGA,1999,200,5,LEGA,0,8.7,0.96875,0.5625,1,1,0,2.0661538992736896
ch_cn.MCG,2011,200,5,MCG,0,8.7,1,0.7666666666666667,2,0,0,2.6491771429792537
ch_cn.PBD,1999,200,5,PBD,0,7.4,0.9459459459459459,0.9459459459459459,1,0,0,1.1424842538390936
ch_cn.PBD,2003,200,5,PBD,0,7.4,0.7,0.7,2,1,0.5,1.0873515224311472
ch_cn.PBD,2011,200,5,PBD,1,7.4,0.8448275862068966,0.2413793103448276,2,0,0.5,2.183084318769466
ch_cn.PCS,1995,200,5,PCS,0,6.2,1,0.2222222222222222,1,1,0,0.9963823451756749
ch_cn.PCS,2003,200,5,PCS,0,6.2,1,0.6666666666666666,1,1,0,1.7039170558842744
ch_cn.PDC,1995,200,5,PDC,1,4.7,0.4230769230769231,0.0641025641025641,8,0.625,0.25,1.4040068653251003
ch_cn.PDC,1999,200,5,PDC,1,4.7,0.432967032967033,0.06153846153846154,15,0.26666666666666666,0.26666666666666666,1.578387516877801
ch_cn.PDC,2003,200,5,PDC,1,4.7,0.5059642147117296,0.09741550695825049,14,0.6428571428571429,0.35714285714285715,1.864709392159528
ch_cn.PDC,2011,200,5,PDC,1,4.7,0.5425219941348973,0.15249266862170088,21,0.42857142857142855,0.2857142857142857,1.8591527781780353
ch_cn.PDT,1995,200,5,PDT,0,0.5,0.7777777777777778,0.7777777777777778,3,0.6666666666666666,0.3333333333333333,0.4368139782709606
ch_cn.PDT,1999,200,5,PDT,0,0.5,0.7454545454545455,0.6181818181818182,2,1,0,1.69650885423275
ch_cn.PDT,2003,200,5,PDT,0,0.5,0.8538461538461538,0.5153846153846153,3,0.3333333333333333,0.3333333333333333,1.9996064202156403
ch_cn.PES,1995,200,5,PES,0,1.7,0.6666666666666666,0.6111111111111112,2,0.5,1,1.453075555994447
ch_cn.PES,1999,200,5,PES,0,1.7,0.8505747126436781,0.7471264367816092,4,0.25,0.5,1.8114347158079318
ch_cn.PES,2003,200,5,PES,0,1.7,0.574108818011257,0.46153846153846156,9,0.4444444444444444,0.5555555555555556,1.6149764152649961
ch_cn.PES,2011,200,5,PES,0,1.7,0.5760869565217391,0.47282608695652173,5,0.8,0.2,1.944254654087682
ch_cn.PEV,1995,200,5,PEV,0,4.9,0.875,0.5,1,1,0,2.0234341388554546
ch_cn.PEV,1999,200,5,PEV,0,4.9,0.8518518518518519,0.5925925925925926,2,0,0,2.1512071745167427
ch_cn.PEV,2003,200,5,PEV,0,4.9,0.5483870967741935,0.1935483870967742,2,1,0,2.457371862496239
ch_cn.PEV,2011,200,5,PEV,0,4.9,0.9444444444444444,0.7222222222222222,2,1,1,1.5347689966297446
ch_cn.PLD,1995,200,5,PLD,0,7.3,0.7450980392156863,0.6470588235294118,2,1,0,1.951427010135538
ch_cn.PLD,1999,200,5,PLD,0,7.3,0.8834586466165414,0.7969924812030075,3,0.3333333333333333,0.6666666666666666,1.9716223623261724
ch_cn.PLD,2003,200,5,PLD,0,7.3,0.9047619047619048,0.9047619047619048,2,0.5,0.5,1.5477476047739902
ch_cn.PLR,1995,200,5,PLR,1,6.3,0.5374331550802139,0.08823529411764706,6,0.6666666666666666,0.16666666666666666,1.6108166755885307
ch_cn.PLR,1999,200,5,PLR,1,6.3,0.6021840873634945,0.09204368174726989,15,0.7333333333333333,0.2,1.9345229052434665
ch_cn.PLR,2003,200,5,PLR,1,6.3,0.5807622504537205,0.10707803992740472,19,0.5263157894736842,0.21052631578947367,1.8055837932097887
ch_cn.PLR,2011,200,5,PLR,1,6.3,0.7154150197628458,0.10869565217391304,14,0.5714285714285714,0.2857142857142857,2.156163546831045
ch_cn.PSS,1995,200,5,PSS,1,1.8,0.09131403118040089,0.06310319227913883,30,0.5,0.3333333333333333,0.9435705538296647
ch_cn.PSS,1999,200,5,PSS,1,1.8,0.27399103139013453,0.13991031390134528,36,0.75,0.3333333333333333,1.674632902945828
ch_cn.PSS,2003,200,5,PSS,1,1.8,0.23827217835578263,0.13701811425917323,32,0.65625,0.5625,1.6105812581493533
ch_cn.PSS,2011,200,5,PSS,1,1.8,0.20603907637655416,0.12255772646536411,29,0.5862068965517241,0.4482758620689655,1.6972688489266403
ch_cn.PVL,2003,200,5,PVL,0,2.6,1,0.2727272727272727,1,0,0,1.2817601534253946
ch_cn.PVL,2011,200,5,PVL,0,2.6,0.7353846153846154,0.5907692307692308,7,0.14285714285714285,0.42857142857142855,2.267273918863654
ch_cn.UDC,1995,200,5,UDC,1,7.4,0.5528089887640449,0.15955056179775282,7,0.42857142857142855,0,1.0253703508412735
ch_cn.UDC,1999,200,5,UDC,1,7.4,0.40783744557329465,0.0841799709724238,12,0.8333333333333334,0,1.226250544301056
ch_cn.UDC,2003,200,5,UDC,1,7.4,0.2908777969018933,0.08950086058519793,12,0.8333333333333334,0,1.4140499685063594
ch_cn.UDC,2011,200,5,UDC,1,7.4,0.282437745740498,0.06946264744429882,35,0.6571428571428571,0.14285714285714285,1.7048749153046983
ch_cn.UDF,2003,200,5,UDF,0,8.7,0.9230769230769231,0.6153846153846154,1,1,0,1.2011212710181713
ch_cs.PDC,1995,46,5,PDC,1,4.7,0.09090909090909091,0,3,0.6666666666666666,0.3333333333333333,0.7202242315577446
ch_cs.PDC,1999,46,5,PDC,1,4.7,0.6428571428571429,0,3,0,0,1.3492203230851472
ch_cs.PDC,2003,46,5,PDC,1,4.7,0.336,0,6,0.8333333333333334,0,1.3075168176512648
ch_cs.PDC,2011,46,5,PDC,1,4.7,0.6086956521739131,0.07246376811594203,3,1,0,1.8152790681429938
ch_cs.PES,2011,46,5,PES,0,1.7,1,0.8,1,1,0,2.245662485771181
ch_cs.PLD,1995,46,5,PLD,0,7.3,1,1,1,0,0,1.5489450504232773
ch_cs.PLR,1995,46,5,PLR,1,6.3,0.5306122448979592,0.05442176870748299,4,0.75,0.25,1.4323676608983675
ch_cs.PLR,1999,46,5,PLR,1,6.3,0.5027932960893855,0,9,0.6666666666666666,0.3333333333333333,1.188472861253249
ch_cs.PLR,2003,46,5,PLR,1,6.3,0.5,0,2,1,0.5,0.9711387732626303
ch_cs.PLR,2011,46,5,PLR,1,6.3,0.6086956521739131,0.043478260869565216,4,0.25,0,1.0371746358721095
ch_cs.PSS,1999,46,5,PSS,1,1.8,0.6875,0,2,1,0.5,2.150261611990504
ch_cs.PSS,2003,46,5,PSS,1,1.8,0.5108695652173914,0,5,0.2,0.4,2.057878729387343
ch_cs.PSS,2011,46,5,PSS,1,1.8,0.21428571428571427,0.07142857142857142,2,1,0.5,1.3829614664127188
ch_cs.UDC,1995,46,5,UDC,1,7.4,0.8181818181818182,0.022727272727272728,2,0.5,0,1.0617005120126755
ch_cs.UDC,1999,46,5,UDC,1,7.4,0.7411764705882353,0,3,0.3333333333333333,0,1.0526340587015326
ch_cs.UDC,2003,46,5,UDC,1,7.4,0.5362318840579711,0,7,0.8571428571428571,0,1.1168544348580451
ch_cs.UDC,2011,46,5,UDC,1,7.4,0.42857142857142855,0,1,1,0,1.023067283548187
cz_po.ANO2011,2013,200,3,ANO2011,1,6,0.3651452282157676,0.18672199170124482,11,0,0.36363636363636365,1.3404985361669506
cz_po.CSSD,1996,200,3,CSSD,0,3,0.0574468085106383,0.00851063829787234,17,0.47058823529411764,0.23529411764705882,1.4548954616504286
cz_po.CSSD,1998,200,5,CSSD,1,3,0.20601851851851852,0.13194444444444445,30,0.6,0.16666666666666666,1.6092127654153565
cz_po.CSSD,2002,200,5,CSSD,1,3,0.48044692737430167,0.30446927374301674,29,0.5172413793103449,0.20689655172413793,1.962391481855238
cz_po.CSSD,2010,200,4,CSSD,0,3,0.02928615009151922,0.025015253203172667,19,0.7894736842105263,0.15789473684210525,0.7103173425277934
cz_po.CSSD,2013,200,3,CSSD,1,3,0.3181818181818182,0.11888111888111888,10,0.7,0.1,1.621585539750813
cz_po.KDU,1996,200,3,KDU,1,5.8,0.15625,0.09375,5,0.6,0.2,0.9780111180996036
cz_po.KDU,1998,200,5,KDU,0,5.8,0.5123287671232877,0.2493150684931507,15,0.6666666666666666,0.13333333333333333,1.684698847949746
cz_po.KDU,2002,200,5,KDU,1,5.8,0.33458646616541354,0.15037593984962405,18,0.6666666666666666,0.16666666666666666,1.8369240428534452
cz_po.KDU,2013,200,3,KDU,1,5.8,0.8615384615384616,0.4205128205128205,2,0,0,1.8587307852012782
cz_po.KSCM,1996,200,3,KSCM,0,0.7,0.24096385542168675,0.07228915662650602,7,0.5714285714285714,0.2857142857142857,2.4401641520457638
cz_po.KSCM,1998,200,5,KSCM,0,0.7,0.08450704225352113,0.07042253521126761,9,1,0.2222222222222222,1.322157752915856
cz_po.KSCM,2002,200,5,KSCM,0,0.7,0.14655172413793102,0.14224137931034483,16,0.375,0.3125,1.2148312950269615
cz_po.KSCM,2010,200,4,KSCM,0,0.7,0.02336448598130841,0.02336448598130841,16,0.8125,0.4375,1.07984184093557
cz_po.KSCM,2013,200,3,KSCM,0,0.7,0.04477611940298507,0.04477611940298507,10,0.9,0.4,0.9356064697413392
cz_po.ODA,1996,200,3,ODA,1,7.1,0.25,0,3,0.6666666666666666,0,0.360555127546399
cz_po.ODS,1996,200,3,ODS,1,7.4,0.25,0.12962962962962962,7,0.7142857142857143,0.42857142857142855,1.52525016963922
cz_po.ODS,1998,200,5,ODS,1,7.4,0.32597623089983024,0.21901528013582344,29,0.3448275862068966,0.1724137931034483,1.6159108076184665
cz_po.ODS,2002,200,5,ODS,0,7.4,0.034444444444444444,0.027777777777777776,23,0.7391304347826086,0.08695652173913043,0.8643792372978528
cz_po.ODS,2010,200,4,ODS,1,7.4,0.5457142857142857,0.11142857142857143,24,0.625,0.16666666666666666,1.6047879608242948
cz_po.ODS,2013,200,3,ODS,0,7.4,0.031496062992125984,0.023622047244094488,4,0.5,0,0.35957027149340925
cz_po.SPR,1996,200,3,SPR,0,9.8,0,0,1,0,0,0
cz_po.TOP09,2010,200,4,TOP09,1,7.4,0.42035398230088494,0.17256637168141592,14,0.21428571428571427,0.21428571428571427,1.9621993284234238
cz_po.TOP09,2013,200,3,TOP09,0,7.4,0.4021164021164021,0.3492063492063492,12,0.6666666666666666,0.4166666666666667,1.20239646774971
cz_po.US,1998,200,5,US,0,7.2,0.5191011235955056,0.2876404494382023,16,0.25,0.1875,1.3943499971661073
cz_po.USVIT,2013,200,3,USVIT,0,7.4,0.12099644128113879,0.07473309608540925,9,0.2222222222222222,0.2222222222222222,1.4877164634035929
cz_po.VV,2010,200,4,VV,1,6,0.43119266055045874,0.2981651376146789,16,0,0.3125,1.9289852113564359
cz_se.4KOAL,1998,81,5,4KOAL,0,6.7,0.7083333333333334,0.375,2,0.5,0,1.6832884912953978
cz_se.4KOAL,2002,81,5,4KOAL,0,6.7,0.3333333333333333,0.3333333333333333,1,1,0,2.1361959960016152
cz_se.CSSD,1996,81,3,CSSD,0,3,0.5238095238095238,0.5238095238095238,4,0,0,2.1733231083604054
cz_se.CSSD,1998,81,5,CSSD,1,3,1,0.5,1,1,0,2.6244999523718797
cz_se.CSSD,2002,81,5,CSSD,1,3,0.75,0.5,1,1,0,1.9311050377094114
cz_se.CSSD,2010,81,4,CSSD,0,3,0.08759124087591241,0.021897810218978103,6,0.6666666666666666,0.3333333333333333,0.974283484760226
cz_se.CSSD,2013,81,3,CSSD,1,3,0.08839779005524862,0.06629834254143646,6,0.6666666666666666,0,1.0705794463173637
cz_se.KDU,1996,81,3,KDU,1,5.8,0.6666666666666666,0.4,2,0,0,1.9345111354896185
cz_se.KDU,1998,81,5,KDU,0,5.8,0.62,0.1,4,0.75,0,0.9166403830492822
cz_se.KDU,2010,81,4,KDU,0,5.8,0,0,1,0,0,0
cz_se.KDU,2013,81,3,KDU,1,5.8,1,0.5,1,1,0,1.4142135623730951
cz_se.NEZ,2002,81,5,NEZ,0,5.5,1,0.14285714285714285,1,1,1,1.0126045454015924
cz_se.ODA,1996,81,3,ODA,1,7.1,1,0.3333333333333333,1,0,0,2.227105745132009
cz_se.ODA,1998,81,5,ODA,0,7.1,0.896551724137931,0.20689655172413793,2,1,0.5,1.8051807489090625
cz_se.ODS,1996,81,3,ODS,1,7.4,0.25,0.125,3,0,0,1.4988340879458295
cz_se.ODS,1998,81,5,ODS,1,7.4,0.10526315789473684,0.07894736842105263,3,0.6666666666666666,0,0.8185660756274153
cz_se.ODS,2002,81,5,ODS,0,7.4,0.06086956521739131,0.017391304347826087,5,1,0,0.2840154674521653
cz_se.ODS,2010,81,4,ODS,1,7.4,0.2727272727272727,0.2727272727272727,10,0.8,0.2,1.8598047392639738
cz_se.ODS,2013,81,3,ODS,0,7.4,0.6296296296296297,0.4444444444444444,2,0.5,0,2.5295491787310733
cz_se.PIR,2013,81,3,PIR,0,5,1,0.9090909090909091,1,0,0,1.8705020122356932
cz_se.SNKED,2002,81,5,SNKED,0,6.1,0.7142857142857143,0.2857142857142857,1,0,0,0.7739816658342878
cz_se.SZ,2013,81,3,SZ,0,4.1,1,0.6153846153846154,1,0,1,1.8066543665017945
cz_se.US,1998,81,5,US,0,7.2,0.5,0,1,0,0,0.5804507532281072
cz_se.US,2002,81,5,US,1,7.2,0.5909090909090909,0.2727272727272727,2,1,0,0.6722681343366237
dk.DFP,2004,179,4,DFP,0,9,0,0,9,1,0.3333333333333333,0
dk.DFP,2005,179,3,DFP,1,9,0.04830917874396135,0.04830917874396135,15,1,0.3333333333333333,1.9031664585845884
dk.DFP,2011,179,5,DFP,0,9,0.09893048128342247,0.012032085561497326,20,1,0.3,1.5132947408716753
dk.DFP,2015,179,1,DFP,0,9,0.05970149253731343,0,5,1,0.4,0.7372611524884796
dk.E,2004,179,4,E,0,0.9,0.2967032967032967,0,6,1,0.16666666666666666,1.8257003637458744
dk.E,2005,179,3,E,0,0.9,0.1680327868852459,0.004098360655737705,5,1,0.2,1.5845848323485527
dk.E,2011,179,5,E,1,0.9,0.023715415019762844,0,14,1,0.35714285714285715,0.32592530954028737
dk.E,2015,179,1,E,0,0.9,0.043859649122807015,0,6,1,0.5,1.031869863787654
dk.KFP,2004,179,4,KFP,1,7.2,1,1,1,1,0,0.531350480693613
dk.KFP,2005,179,3,KFP,1,7.2,0.8333333333333334,0.6666666666666666,2,1,0,1.2139467313958492
dk.KFP,2011,179,5,KFP,0,7.2,0.45161290322580644,0.010752688172043012,7,1,0.42857142857142855,1.285294181141217
dk.LA,2005,179,3,LA,0,6,1,0.03571428571428571,1,1,0,1.7741194999210173
dk.LA,2011,179,5,LA,0,6,0.022058823529411766,0,8,1,0.25,0.5102979917695546
dk.RV,2004,179,4,RV,0,4.9,0.5074626865671642,0.1044776119402985,7,1,0.7142857142857143,1.6911976111283393
dk.RV,2005,179,3,RV,0,4.9,0.34146341463414637,0.03048780487804878,12,1,0.5,1.2964476650613628
dk.SD,2004,179,4,SD,0,3.8,0.20833333333333334,0.01893939393939394,23,1,0.34782608695652173,1.0619952898129958
dk.SD,2005,179,3,SD,0,3.8,0.36363636363636365,0,27,1,0.4074074074074074,1.1106741821532125
dk.SD,2011,179,5,SD,1,3.8,0.9047619047619048,0.47619047619047616,2,1,0,2.8082206005184975
dk.SD,2015,179,1,SD,0,3.8,1,0,1,1,0,2.052640575778754
dk.SF,2011,179,5,SF,0,7.4,1,1,1,1,0,1.1547005383792515
dk.SFP,2004,179,4,SFP,0,2.1,0.40860215053763443,0,9,1,0.3333333333333333,1.1553069040532873
dk.SFP,2005,179,3,SFP,0,2.1,0.6519337016574586,0,12,0.9166666666666666,0.4166666666666667,1.3057960139712597
dk.SFP,2011,179,5,SFP,1,2.1,0.13157894736842105,0.06578947368421052,12,1,0.6666666666666666,1.9307931913412657
dk.SFP,2015,179,1,SFP,0,2.1,0,0,5,1,0.4,0
dk.V,2004,179,4,V,1,7.3,0.9285714285714286,0.6428571428571429,2,1,0.5,1.812426243710041
dk.V,2005,179,3,V,1,7.3,1,0.5,1,1,0,2.3300572239038826
dk.V,2011,179,5,V,0,7.3,0.63003663003663,0.03296703296703297,25,1,0.24,1.0337431361471505
ee.EKRE,2015,101,1,EKRE,0,7.4,0,0,1,0,0,0
ee.EV,2015,101,1,EV,0,7.4,0.5384615384615384,0.15384615384615385,2,1,0,1.739068421413883
ee.K,2015,101,1,K,0,4,0.11764705882352941,0,2,0.5,0.5,1.1119188982851387
ee.RE,2015,101,1,RE,1,7.9,0.4523809523809524,0.023809523809523808,2,1,0,1.8724002495570309
ee.SDE,2015,101,1,SDE,1,4.2,1,0.2,1,1,0,1.8297540818372289
fi.KD,2003,200,4,KD,0,7.2,0.4357638888888889,0.1840277777777778,6,1,0.5,1.7026587657741532
fi.KD,2007,200,4,KD,0,7.2,0.20132013201320131,0.066006600660066,7,1,0.5714285714285714,1.8601496372170243
fi.KESK,2003,200,4,KESK,1,5.8,0.6122881355932204,0.4110169491525424,21,1,0.047619047619047616,1.5976017942053327
fi.KESK,2007,200,4,KESK,1,5.8,0.6709401709401709,0.4081196581196581,14,1,0.5,1.6321899066414316
fi.KOK,2003,200,4,KOK,0,7.2,0.33915022761760244,0.19347496206373294,33,0.9696969696969697,0.42424242424242425,1.7119093768202405
fi.KOK,2007,200,4,KOK,1,7.2,0.5921273031825796,0.3232830820770519,21,1,0.47619047619047616,1.7169937109482447
fi.PS,2003,200,4,PS,0,6.6,0,0,3,1,0,0
fi.PS,2007,200,4,PS,0,6.6,0.5571428571428572,0.2714285714285714,3,0.6666666666666666,0,1.771889340995846
fi.R,2003,200,4,R,1,6.4,0.25,0.07692307692307693,4,1,0.5,1.258169939490948
fi.R,2007,200,4,R,1,6.4,0.7336448598130841,0.3364485981308411,5,1,0.8,1.8108605594544265
fi.SD,2003,200,4,SD,1,3.6,0.6336056009334889,0.4177362893815636,26,1,0.5769230769230769,1.7290032225659528
fi.SD,2007,200,4,SD,0,3.6,0.18928262748487468,0.09031979256698358,25,0.96,0.48,1.4614075210674957
fi.VAS,2003,200,4,VAS,0,2.2,0.3889943074003795,0.19734345351043645,13,1,0.23076923076923078,1.9464272566735674
fi.VAS,2007,200,4,VAS,0,2.2,0.35673076923076924,0.09134615384615384,11,1,0.2727272727272727,1.8405359560815868
fi.VIHR,2003,200,4,VIHR,0,3.6,0.4023354564755839,0.1613588110403397,14,0.9285714285714286,0.7857142857142857,1.7294977263784221
fi.VIHR,2007,200,4,VIHR,1,3.6,0.8035714285714286,0.5803571428571429,3,1,0.6666666666666666,1.6209863166157392
fi.VR,2003,200,4,VR,0,2.2,1,0.1111111111111111,1,1,0,2.0222624593621505
fi.VR,2007,200,4,VR,0,2.2,0.9701492537313433,0.029850746268656716,2,1,0,1.5360701589585277
fr_an.CEN,1986,577,3,CEN,1,6.1,0.24699238890252884,0.010311809477043948,51,0.49019607843137253,0.0196078431372549,0.7337896579355464
fr_an.CEN,1997,577,6,CEN,0,6.1,0.2682229633158647,0.007146260123868509,68,0.8970588235294118,0.029411764705882353,0.747010003950678
fr_an.CEN,2002,577,6,CEN,1,6.1,0.8124063530116872,0.00239736290080911,19,0.631578947368421,0.05263157894736842,0.624710099701142
fr_an.CEN,2007,577,6,CEN,1,6.1,0.6790945406125166,0.007989347536617843,13,0.8461538461538461,0.07692307692307693,0.76420259724458794
fr_an.COM,1997,577,6,COM,1,1.4,0.1125,0.05,5,0.6,0,1.2448984504363132
fr_an.COM,2002,577,6,COM,0,1.4,0.017743979721166033,0.017743979721166033,17,0.8823529411764706,0.17647058823529413,1.1613622233260932
fr_an.COM,2007,577,6,COM,0,1.4,0.02658045977011494,0.011494252873563218,22,0.7727272727272727,0.22727272727272727,1.1816365566297655
fr_an.DRO,1986,577,3,DRO,1,7.5,0.3568257491675916,0.008324084350721421,33,0.6363636363636364,0,0.7411232261091782
fr_an.DRO,1997,577,6,DRO,0,7.5,0.27654086342655443,0.0027151778441487917,67,0.8507462686567164,0.04477611940298507,0.7020843561887412
fr_an.DRO,2002,577,6,DRO,1,7.5,0.02118073016192296,4.827516846022327e-4,211,0.5023696682464455,0.11374407582938388,0.26764581632342765
fr_an.DRO,2007,577,6,DRO,1,7.5,0.02653447424716143,0.008268882672371235,189,0.7195767195767195,0.14285714285714285,0.5152834986997766
fr_an.FN,1986,577,3,FN,0,9.7,0.6078947368421053,0.6052631578947368,7,0,0,1.5451980014174016
fr_an.RAD,1997,577,6,RAD,1,4.1,0.17943548387096775,0.10685483870967742,20,0.45,0.15,1.110615511276457
fr_an.SOC,1986,577,3,SOC,0,3.2,0,0,4,0.5,0,0
fr_an.SOC,1997,577,6,SOC,1,3.2,0.044585987261146494,0.03343949044585987,19,0.7368421052631579,0.10526315789473684,0.8703380975172952
fr_an.SOC,2002,577,6,SOC,0,3.2,0.006517690875232775,0.00186219739292365,28,0.9642857142857143,0.10714285714285714,0.2507672945089375
fr_an.SOC,2007,577,6,SOC,0,3.2,0.07611086669599648,0.06951165860096789,56,0.5892857142857143,0.26785714285714285,1.177767726015603
fr_se.CEN,1986,348,3,CEN,1,6.1,0.2077922077922078,0.07142857142857142,20,0.9,0,0.7395432779087635
fr_se.CEN,1993,348,5,CEN,1,6.1,0.6110056925996205,0.03984819734345351,15,0.8666666666666667,0,0.884220319137401
fr_se.CEN,1997,348,6,CEN,0,6.1,0.6148837209302326,0.04093023255813953,22,0.9545454545454546,0.045454545454545456,0.8793240441578337
fr_se.CEN,2002,348,6,CEN,1,6.1,0.35667396061269147,0.030634573304157548,15,0.8666666666666667,0.2,0.8618987174369152
fr_se.CEN,2007,348,6,CEN,1,6.1,0.5892634207240949,0.039950062421972535,22,0.6818181818181818,0.36363636363636365,1.0857262287603475
fr_se.COM,1986,348,3,COM,0,1.4,0.008708272859216255,0,13,0.6923076923076923,0.3076923076923077,0.23700922896166535
fr_se.COM,1993,348,5,COM,0,1.4,0.02670856245090338,0,15,0.8666666666666667,0.26666666666666666,0.6144026090746489
fr_se.COM,1997,348,6,COM,1,1.4,0.06778711484593837,0.0067226890756302525,20,0.6,0.2,1.1630794265841364
fr_se.COM,2002,348,6,COM,0,1.4,0.061634349030470915,0.018005540166204988,18,0.8333333333333334,0.4444444444444444,1.5062641466127429
fr_se.COM,2007,348,6,COM,0,1.4,0.10131332082551595,7.5046904315197e-4,24,0.6666666666666666,0.625,0.9249790878713497
fr_se.DRO,1986,348,3,DRO,1,7.5,0.2571428571428571,0.06428571428571428,14,0.7142857142857143,0,1.1125216413696066
fr_se.DRO,1993,348,5,DRO,1,7.5,0.08970099667774087,0.019329507701600725,50,0.84,0.02,0.763132207348309
fr_se.DRO,1997,348,6,DRO,0,7.5,0.13893280632411067,0.034782608695652174,75,0.8533333333333334,0.013333333333333334,0.9225051305080699
fr_se.DRO,2002,348,6,DRO,1,7.5,0.06092916984006093,0.025514089870525513,46,0.8695652173913043,0.13043478260869565,0.6533111214024397
fr_se.DRO,2007,348,6,DRO,1,7.5,0.04435913840904244,0.008104073363190446,72,0.75,0.18055555555555555,0.4866740000409175
fr_se.ECO,2007,348,6,ECO,0,3.2,0.3983739837398374,0,5,0.4,0.4,0.10533703247651745
fr_se.RAD,1986,348,3,RAD,0,4.1,0.5925925925925926,0.4074074074074074,4,0.75,0,1.7427432829299985
fr_se.RAD,1993,348,5,RAD,0,4.1,0.5909090909090909,0.22727272727272727,6,1,0,1.689104376015169
fr_se.RAD,1997,348,6,RAD,1,4.1,0.7049180327868853,0.6639344262295082,6,1,0,1.6057395491121798
fr_se.RAD,2002,348,6,RAD,0,4.1,0.8372093023255814,0.13953488372093023,4,1,0,1.4998996382195653
fr_se.RAD,2007,348,6,RAD,0,4.1,0.09278350515463918,0.03350515463917526,10,0.8,0,1.18863368976721
fr_se.SOC,1986,348,3,SOC,0,3.2,0.09137055837563451,0,8,0.875,0,0.43244848717292816
fr_se.SOC,1993,348,5,SOC,0,3.2,0.10688140556368961,0.007320644216691069,18,0.8333333333333334,0.3333333333333333,0.6528356014498007
fr_se.SOC,1997,348,6,SOC,1,3.2,0.08784473953013279,0.0020429009193054137,17,0.8235294117647058,0.29411764705882354,0.4406549049454073
fr_se.SOC,2002,348,6,SOC,0,3.2,0.08020833333333334,0.010416666666666666,26,0.5769230769230769,0.15384615384615385,0.5085353006202512
fr_se.SOC,2007,348,6,SOC,0,3.2,0.06744186046511629,0.011839323467230444,54,0.6481481481481481,0.2777777777777778,0.6518205007795196
hu.FIDESZ,1998,384,5,FIDESZ,1,6.5,0.5277777777777778,0.125,19,0.47368421052631576,0.15789473684210525,1.6142716673078963
hu.FIDESZ,2002,384,5,FIDESZ,0,6.5,0.07707509881422925,0.021739130434782608,46,0.9347826086956522,0.08695652173913043,0.5387543785158264
hu.FIDESZ,2010,384,5,FIDESZ,1,6.5,0.14819427148194272,0,62,0.6451612903225806,0.04838709677419355,0.3091863079842398
hu.FIDESZ,2014,384,2,FIDESZ,1,6.5,0.11437908496732026,0.006535947712418301,28,0.9285714285714286,0.10714285714285714,0.3860610228985585
hu.FKGP,1998,384,5,FKGP,1,9,0.4444444444444444,0,9,0.1111111111111111,0.1111111111111111,1.2540783142613756
hu.JOBBIK,2010,384,5,JOBBIK,0,8.7,0,0,25,0.04,0.12,0
hu.JOBBIK,2014,384,2,JOBBIK,0,8.7,0,0,13,1,0.15384615384615385,0
hu.KDNP,2010,384,5,KDNP,1,7.4,0.509090909090909,0,12,0.4166666666666667,0,0.45311169051529976
hu.KDNP,2014,384,2,KDNP,1,7.4,0.6826347305389222,0,2,1,0,0.37026318691736965
hu.LMP,2010,384,5,LMP,0,2.6,0.023255813953488372,0,12,0,0.4166666666666667,0.05770691149147646
hu.LMP,2014,384,2,LMP,0,2.6,0,0,5,0.4,0.4,0
hu.MDF,1998,384,5,MDF,1,6.5,0.7777777777777778,0.05555555555555555,8,0.5,0,1.5362291495737217
hu.MDF,2002,384,5,MDF,0,6.5,0.015384615384615385,0,11,0.7272727272727273,0.09090909090909091,0
hu.MIÉP,1998,384,5,MIÉP,0,9.6,0,0,2,0.5,0,0
hu.MSZP,1998,384,5,MSZP,0,2.9,0.01990049751243781,0.009950248756218905,41,0.9024390243902439,0.14634146341463414,0.6070165551923677
hu.MSZP,2002,384,5,MSZP,1,2.9,0.15555555555555556,0.03492063492063492,48,0.6458333333333334,0.16666666666666666,0.7887973093381617
hu.MSZP,2010,384,5,MSZP,0,2.9,0.020512820512820513,0.005128205128205128,19,0.8421052631578947,0.05263157894736842,0.5044799302251776
hu.MSZP,2014,384,2,MSZP,0,2.9,0.014285714285714285,0.007142857142857143,13,0.8461538461538461,0.07692307692307693,0.7474889152360021
hu.SZDSZ,1998,384,5,SZDSZ,0,4,0.023809523809523808,0,9,1,0.2222222222222222,0.1975658322294524
hu.SZDSZ,2002,384,5,SZDSZ,1,4,0.7,0.325,9,0.7777777777777778,0,1.5598806086452621
ie_da.FF,1997,166,6,FF,1,6.1,0,0,2,1,0.5,0
ie_da.FG,1997,166,6,FG,0,6.4,0.3333333333333333,0,6,1,0,1.9333333333333333
ie_da.FG,2007,166,5,FG,0,6.4,0,0,5,1,0,0
ie_da.FG,2011,166,5,FG,1,6.4,1,1,1,0,0,3.394112549695428
ie_da.GP,2002,166,6,GP,0,2.4,0,0,4,0.25,0,0
ie_da.LAB,2007,166,5,LAB,0,3.6,0,0,2,1,0,0
ie_da.RENUA,2011,166,5,RENUA,0,6.4,0,0,1,1,1,0
ie_da.SF,2002,166,6,SF,0,1.3,0,0,2,0.5,0,0
ie_da.SF,2007,166,5,SF,0,1.3,0,0,1,1,0,0
ie_da.SF,2011,166,5,SF,0,1.3,0,0,4,0,0,0
ie_da.SOC,2011,166,5,SOC,0,1.3,0.4,0,2,0.5,0.5,0
ie_se.FF,2011,60,5,FF,0,6.1,0,0,7,0.8571428571428571,0.14285714285714285,0
ie_se.FG,2002,60,6,FG,0,6.4,0,0,2,1,0,0
ie_se.FG,2007,60,5,FG,0,6.4,0,0,2,0.5,0,0
ie_se.FG,2011,60,5,FG,1,6.4,0,0,3,0.3333333333333333,0.3333333333333333,0
ie_se.GP,2007,60,5,GP,1,2.4,0,0,2,0,0.5,0
ie_se.LAB,1997,60,6,LAB,0,3.6,0.06666666666666667,0,3,0.3333333333333333,0.3333333333333333,0.8442317648177382
ie_se.LAB,2007,60,5,LAB,0,3.6,0,0,4,0.25,0,0
ie_se.LAB,2011,60,5,LAB,1,3.6,0,0,1,0,1,0
ie_se.PD,2002,60,6,PD,1,8,0,0,1,0,0,0
ie_se.SF,2011,60,5,SF,0,1.3,0,0,1,0,0,0
il.JH,2015,120,1,JH,1,8.6,0.9353233830845771,0.8557213930348259,7,0.8571428571428571,0.2857142857142857,2.443538964642205
il.JL,2015,120,1,JL,0,1,0.35353535353535354,0,7,0.7142857142857143,0.2857142857142857,2.3224018231801535
il.KULANU,2015,120,1,KULANU,1,6,0.8850574712643678,0.8256704980842912,8,0,0.5,2.0686565487871387
il.LIKUD,2015,120,1,LIKUD,1,6.7,0.9065312716362797,0.7318255250403877,22,0.5,0.3181818181818182,2.3003278383500576
il.MERETZ,2015,120,1,MERETZ,0,1.8,0,0,2,1,0.5,0
il.SHAS,2015,120,1,SHAS,1,7,0.9370277078085643,0.9370277078085643,7,1,0,2.34812990425406
il.UTJ,2015,120,1,UTJ,0,6.9,0.8296943231441049,0,6,1,0,2.2895359465503655
il.YA,2015,120,1,YA,0,6,0.16883116883116883,0,8,0.875,0.375,2.0301730929791297
il.YB,2015,120,1,YB,0,8.7,0,0,3,1,0.6666666666666666,0
il.ZU,2015,120,1,ZU,0,4.7,0.7008064516129032,0,19,0.7368421052631579,0.3684210526315789,2.3402346160763834
is.BF,2013,63,3,BF,0,6,0.4087301587301587,0.17857142857142858,8,0.875,0.5,1.7560328670326486
is.F,1995,63,5,F,1,5,0.7228915662650602,0.3614457831325301,7,1,0.14285714285714285,1.5261359405671926
is.F,1999,63,5,F,1,5,0.7297297297297297,0.2972972972972973,6,0.8333333333333334,0.3333333333333333,1.934039210538551
is.F,2003,63,5,F,1,5,0.6666666666666666,0.3939393939393939,5,0.8,0.4,1.5395105042163866
is.F,2009,63,5,F,0,5,0.44776119402985076,0.25870646766169153,7,1,0.42857142857142855,1.6370862413696465
is.F,2013,63,3,F,1,5,0.4080717488789238,0.2556053811659193,8,1,0.5,1.521502128215151
is.FL,1999,63,5,FL,0,6.2,0.875,0.28125,2,1,0,2.4417049528808916
is.FL,2003,63,5,FL,0,6.2,0.6994219653179191,0.1676300578034682,5,0.8,0.2,1.9795124116193619
is.HR,2009,63,5,HR,0,6,0.38271604938271603,0.25925925925925924,4,0.75,0.5,1.7073054134781436
is.P,2013,63,3,P,0,2.6,0.4153846153846154,0.015384615384615385,5,0.6,0.4,1.7316303137631726
is.S,1995,63,5,S,1,7.5,0.4142538975501114,0.23385300668151449,18,1,0.16666666666666666,1.5378743704602302
is.S,1999,63,5,S,1,7.5,0.4875,0.2925,14,1,0.2857142857142857,1.9342640353608826
is.S,2003,63,5,S,1,7.5,0.35800344234079173,0.26161790017211706,11,0.9090909090909091,0.2727272727272727,1.9611211787943226
is.S,2009,63,5,S,0,7.5,0.2588105726872247,0.10903083700440529,18,0.9444444444444444,0.2222222222222222,1.468439092755029
is.S,2013,63,3,S,1,7.5,0.5667752442996743,0.26384364820846906,11,0.9090909090909091,0.09090909090909091,1.7914028066708034
is.SF,1995,63,5,SF,0,4.1,0.09571788413098237,0.09571788413098237,28,0.8571428571428571,0.4642857142857143,0.9990566107574975
is.SF,1999,63,5,SF,0,4.1,0.059447983014861996,0.020169851380042462,19,0.8421052631578947,0.3684210526315789,0.9085641652623574
is.SF,2003,63,5,SF,0,4.1,0.13891951488423374,0.05953693495038589,24,0.9583333333333334,0.375,1.062252252105521
is.SF,2009,63,5,SF,1,4.1,0.571656050955414,0.35668789808917195,20,0.95,0.5,2.03685966938082
is.SF,2013,63,3,SF,0,4.1,0.45454545454545453,0.14545454545454545,9,1,0.3333333333333333,1.5652304539111384
is.VG,1999,63,5,VG,0,1.2,0.44594594594594594,0.21621621621621623,6,1,0.3333333333333333,2.4965354144554515
is.VG,2003,63,5,VG,0,1.2,0.18324607329842932,0.04712041884816754,7,0.7142857142857143,0.42857142857142855,1.9481673265413804
is.VG,2009,63,5,VG,1,1.2,0.8023952095808383,0.4281437125748503,12,0.8333333333333334,0.5,2.1200987600058774
is.VG,2013,63,3,VG,0,1.2,0.6756756756756757,0.21621621621621623,9,0.7777777777777778,0.6666666666666666,2.068492910635256
it_ca.AN,2006,630,3,AN,0,8.1,0.28077592638647103,0.010196468540164138,57,0.6842105263157895,0.15789473684210525,1.2800556160908043
it_ca.DC,2006,630,3,DC,0,5.7,0.4423076923076923,0.07692307692307693,5,0.4,0,1.4543094144699307
it_ca.DEMSIN,1992,630,3,DEMSIN,0,2.6,0.12472587719298246,0.022203947368421052,75,0.5466666666666666,0.2,0.9315522483673319
it_ca.FI-PDL,2006,630,3,FI-PDL,0,7.1,0.2991394148020654,0.03390705679862306,88,0.6818181818181818,0.22727272727272727,1.4600062559889477
it_ca.FI-PDL,2008,630,6,FI-PDL,1,7.1,0.17606099110546378,0.15318932655654383,187,0.5989304812834224,0.2192513368983957,1.1539842503059088
it_ca.FLI-TP,2008,630,6,FLI-TP,0,7.4,0.7046095954844779,0.6284101599247413,20,0.65,0.15,1.114394121105355
it_ca.IDV,2006,630,3,IDV,1,4.9,0.5348432055749129,0.45121951219512196,16,0.125,0.0625,2.0536734807686896
it_ca.IDV,2008,630,6,IDV,0,4.9,0.27884900622960546,0.11776920795016316,20,0.5,0.1,1.727422991879374
it_ca.LN,1992,630,3,LN,0,7.8,0.003271537622682661,8.178844056706652e-4,39,0,0.10256410256410256,0.4129396960863064
it_ca.LN,2006,630,3,LN,0,7.8,0.17597292724196278,0.021996615905245348,16,0.5,0.0625,1.4525411176861842
it_ca.LN,2008,630,6,LN,1,7.8,0.08477619597281005,0.019751186353725792,56,0.42857142857142855,0.17857142857142858,0.7734168559633369
it_ca.MSI-DN,1992,630,3,MSI-DN,0,9.2,0.015606242496998799,0.0028011204481792717,25,0.68,0.04,1.2915657401135028
it_ca.PD,2006,630,3,PD,0,2.6,0.21076175869120656,0.1193762781186094,116,0.5517241379310345,0.27586206896551724,1.4891924947857085
it_ca.PD,2008,630,6,PD,0,2.6,0.11297360578969774,0.05140485312899106,173,0.5838150289017341,0.34104046242774566,1.492816958220453
it_ca.PDCI,2006,630,3,PDCI,0,1,0.327027027027027,0.11891891891891893,11,0.36363636363636365,0.18181818181818182,1.5317928207347735
it_ca.PLI,1992,630,3,PLI,1,6.5,0.22631578947368422,0.1736842105263158,9,0.7777777777777778,0,1.3876472820858203
it_ca.PPI,1992,630,3,PPI,0,4.6,0.060239885427855355,0.03150733977801647,110,0.7545454545454545,0.09090909090909091,0.602435920890543
it_ca.PRC,1992,630,3,PRC,0,0.9,0.0898876404494382,0.023876404494382022,24,0.25,0.16666666666666666,1.149874084489329
it_ca.PRC,2006,630,3,PRC,1,0.9,0.19756838905775076,0.14954407294832828,26,0.2692307692307692,0.4230769230769231,1.3638873012139974
it_ca.PRI,1992,630,3,PRI,0,5,0.11623246492985972,0.04008016032064128,17,0.6470588235294118,0.058823529411764705,0.6821262993441906
it_ca.PSDI,1992,630,3,PSDI,1,4.6,0.2139917695473251,0.14814814814814814,8,0.125,0,0.8007497763284682
it_ca.PSI,1992,630,3,PSI,1,3.8,0.26552567237163816,0.2449877750611247,50,0.78,0.04,1.0548803636949897
it_ca.PT,2008,630,6,PT,0,6.2,0.8984375,0.6328125,3,0.3333333333333333,0,1.7083902556177815
it_ca.RAD,1992,630,3,RAD,0,4,0.7682403433476395,0.0944206008583691,5,0.6,0,1.787922739949506
it_ca.RETE,1992,630,3,RETE,0,6.2,0.6788079470198676,0.1357615894039735,10,0.1,0.1,1.787009302996485
it_ca.RNP,2006,630,3,RNP,1,4,0.32967032967032966,0.27350427350427353,11,0.36363636363636365,0.09090909090909091,1.7395715926683812
it_ca.UDC,2006,630,3,UDC,0,6.1,0.32951289398280803,0.017191977077363897,26,0.6538461538461539,0.11538461538461539,1.2511735973840539
it_ca.UDC-TP,2008,630,6,UDC-TP,0,6.1,0.3513126491646778,0.10119331742243437,36,0.6944444444444444,0.08333333333333333,1.6799106110034772
it_ca.UDEUR,2006,630,3,UDEUR,1,5.3,0.5089686098654709,0.42937219730941706,11,0.18181818181818182,0.18181818181818182,1.920648208917392
it_ca.VERD,1992,630,3,VERD,0,2.4,0.39361702127659576,0.06382978723404255,16,0.375,0,1.8084909585058326
it_ca.VERD,2006,630,3,VERD,1,2.4,0.5060893098782138,0.3152909336941813,13,0.3076923076923077,0.3076923076923077,1.7595799500555853
it_se.AN,2006,323,3,AN,0,8.1,0.09044193216855087,0.008221993833504625,31,0.5161290322580645,0.03225806451612903,1.305047502941497
it_se.FI-PDL,2006,323,3,FI-PDL,0,7.1,0.3052407932011331,0.019830028328611898,36,0.5833333333333334,0.1111111111111111,1.3478240980228524
it_se.FI-PDL,2008,323,6,FI-PDL,1,7.1,0.12057198570035749,0.09749756256093597,111,0.6306306306306306,0.09009009009009009,1.2032711897672095
it_se.FLI-TP,2008,323,6,FLI-TP,0,7.4,0.8026315789473685,0.2236842105263158,4,0.25,0.5,2.2234724615416406
it_se.IDV,2008,323,6,IDV,0,4.9,0.06327683615819209,0.00903954802259887,12,0.16666666666666666,0.16666666666666666,1.2730689851586618
it_se.LN,2006,323,3,LN,0,7.8,0.4482758620689655,0.022988505747126436,8,0.625,0,1.9423963972231222
it_se.LN,2008,323,6,LN,1,7.8,0.09210526315789473,0.04784688995215311,22,0.36363636363636365,0.13636363636363635,1.396843208986475
it_se.MPA,2006,323,3,MPA,0,6.2,0.6953405017921147,0.017921146953405017,14,0.42857142857142855,0.21428571428571427,2.012943316643541
it_se.MPA,2008,323,6,MPA,0,6.2,0.5778443113772455,0.28592814371257486,9,0.4444444444444444,0.4444444444444444,2.0860172757940316
it_se.PD,2006,323,3,PD,0,2.6,0.2761493366244986,0.16476396174020363,66,0.42424242424242425,0.24242424242424243,1.777856408290728
it_se.PD,2008,323,6,PD,0,2.6,0.0951274304748625,0.052908823301572545,96,0.4375,0.34375,1.540766893734791
it_se.PRC,2006,323,3,PRC,1,0.9,0.18283828382838282,0.12145214521452145,22,0.18181818181818182,0.45454545454545453,1.6728204474518007
it_se.UDC,2006,323,3,UDC,0,6.1,0.3225806451612903,0.013824884792626729,10,0.3,0,1.2830472287031378
it_se.VERD-PDCI,2006,323,3,VERD-PDCI,1,1.7,0.36626506024096384,0.236144578313253,8,0.375,0.5,2.3600186081232133
lt.DP,2008,141,5,DP,0,3.9,0.433489827856025,0.18466353677621283,10,1,0.3,1.9119633862113274
lt.DP,2012,141,4,DP,1,3.9,0.28486486486486484,0.10054054054054054,25,1,0.32,1.2512527663628998
lt.KDS,1996,141,5,KDS,0,6.2,1,0.46153846153846156,4,1,0,1.9224240650060243
lt.LCS,1996,141,5,LCS,1,4.9,0.6521739130434783,0.6304347826086957,7,1,0.2857142857142857,1.5535337879956055
lt.LCS,2008,141,5,LCS,0,4.9,1,0.4,1,1,0,2.048658097389606
lt.LDDP,1992,141,5,LDDP,1,3.3,0.03619909502262444,0.03619909502262444,14,1,0.07142857142857142,0.9637856953734291
lt.LDDP,1996,141,5,LDDP,0,3.3,0.3235294117647059,0.17647058823529413,4,1,0.25,1.879527866247266
lt.LICS,2008,141,5,LICS,1,7.8,0.7272727272727273,0.32727272727272727,6,1,0,1.8833194571261274
lt.LLRA,2012,141,4,LLRA,1,3.9,0.4117647058823529,0.10784313725490197,4,1,0.25,1.4289372211265632
lt.LS,2008,141,5,LS,1,7.8,0.532,0.172,10,1,0.2,1.714731760624164
lt.LS,2012,141,4,LS,0,7.8,0.4966216216216216,0.3344594594594595,8,1,0.25,1.955025862199928
lt.LSDP,1992,141,5,LSDP,0,3.2,0.9411764705882353,0.4117647058823529,2,1,0,2.1783624946033973
lt.LSDP,1996,141,5,LSDP,0,3.2,0.7647058823529411,0.3235294117647059,1,1,0,1.385421935510601
lt.LSDP,2008,141,5,LSDP,0,3.2,0.44565217391304346,0.17173913043478262,16,1,0.125,1.9556394223117965
lt.LSDP,2012,141,4,LSDP,1,3.2,0.43462897526501765,0.1896348645465253,31,1,0.2903225806451613,1.7346395094711227
lt.LVZS,2008,141,5,LVZS,0,3.3,0.8725490196078431,0.45098039215686275,3,1,0.3333333333333333,2.156619032123549
lt.LVZS,2012,141,4,LVZS,0,3.3,1,0.5875,1,1,1,1.7783599474133753
lt.NS,2008,141,5,NS,0,4.3,1,0.09523809523809523,1,1,0,2.938678841475082
lt.SK,1992,141,5,SK,0,7.4,0.3888888888888889,0.05555555555555555,3,1,0.3333333333333333,1.4118854893087596
lt.TPP,2008,141,5,TPP,1,8.7,0.7349726775956285,0.3469945355191257,10,1,0.2,1.9801749346383672
lt.TS-LKD,1996,141,5,TS-LKD,1,7.4,0.48,0.44,11,1,0.18181818181818182,1.7961201047897772
lt.TS-LKD,2008,141,5,TS-LKD,1,7.4,0.5762527233115469,0.380718954248366,35,1,0.2,1.8162118595635939
lt.TS-LKD,2012,141,4,TS-LKD,0,7.4,0.4824120603015075,0.39824120603015073,23,1,0.21739130434782608,1.8340135249947709
lt.TT,2008,141,5,TT,0,5.3,0.5864406779661017,0.30847457627118646,14,1,0.07142857142857142,1.8185732597741788
lt.TT,2012,141,4,TT,1,5.3,0.7142857142857143,0.1346938775510204,9,1,0.1111111111111111,1.4436295202968952
no.A,1993,169,5,A,1,3.4,0.6,0.6,4,0.5,0.5,2.02947721785138
no.A,2001,169,5,A,0,3.4,0.1953125,0.0390625,24,0.9583333333333334,0.5,1.3530461255737292
no.A,2005,169,5,A,0,3.4,0.45454545454545453,0.36363636363636365,3,1,0.3333333333333333,2.246726013063849
no.A,2009,169,5,A,0,3.4,0.4,0.2,3,1,1,2.100897063853059
no.A,2013,169,3,A,0,3.4,0.10185185185185185,0.027777777777777776,24,0.7916666666666666,0.5,0.6966069198609167
no.FRP,1993,169,5,FRP,0,8.8,0.32558139534883723,0,6,0.8333333333333334,0,2.6511453050656106
no.FRP,2001,169,5,FRP,1,8.8,0.0694006309148265,0.0473186119873817,16,0.875,0.0625,1.6176220652785824
no.FRP,2005,169,5,FRP,0,8.8,0.031078610603290677,0,26,0.5769230769230769,0.15384615384615385,0.5999681220250018
no.FRP,2009,169,5,FRP,0,8.8,0.05555555555555555,0.009070294784580499,35,0.9428571428571428,0.2857142857142857,1.2045288319441445
no.FRP,2013,169,3,FRP,1,8.8,0.8275862068965517,0.3448275862068966,4,1,0,2.3814163413501794
no.H,1993,169,5,H,0,7.9,0.22727272727272727,0.007575757575757576,17,0.7647058823529411,0.17647058823529413,1.8445716361000037
no.H,2001,169,5,H,1,7.9,0.9090909090909091,0.45454545454545453,3,0.6666666666666666,0.3333333333333333,2.58551911439639
no.H,2005,169,5,H,0,7.9,0.05609756097560976,0,17,0.9411764705882353,0.29411764705882354,0.613377381258671
no.H,2009,169,5,H,0,7.9,0.0625,0,29,0.6896551724137931,0.3448275862068966,0.6327710582176223
no.H,2013,169,3,H,1,7.9,1,0.625,2,1,0,2.4756031812693875
no.KRF,1993,169,5,KRF,0,5.9,0.7407407407407407,0.07407407407407407,6,0.5,0.16666666666666666,1.6534890305127443
no.KRF,2001,169,5,KRF,1,5.9,0.6666666666666666,0.2222222222222222,3,0.6666666666666666,0.6666666666666666,2.458036705267935
no.KRF,2005,169,5,KRF,0,5.9,0.13178294573643412,0.007751937984496124,11,0.7272727272727273,0.45454545454545453,1.0641886674087777
no.KRF,2009,169,5,KRF,0,5.9,0.07834101382488479,0,13,0.8461538461538461,0.46153846153846156,0.8578097084071129
no.KRF,2013,169,3,KRF,1,5.9,0.17333333333333334,0.13333333333333333,7,0.7142857142857143,0.14285714285714285,1.1385133114665256
no.RV,1993,169,5,RV,0,0.4,1,0,1,0,0,2.0728402414722336
no.SP,1993,169,5,SP,0,4.7,0.22105263157894736,0,18,0.6666666666666666,0.5,1.1692378359927964
no.SP,2001,169,5,SP,0,4.7,0.054945054945054944,0.01098901098901099,13,0.6923076923076923,0.46153846153846156,0.9897812763550979
no.SP,2005,169,5,SP,1,4.7,0,0,2,1,0.5,0
no.SP,2009,169,5,SP,1,4.7,0,0,1,1,1,0
no.SP,2013,169,3,SP,0,4.7,0.0875,0.05,10,0.8,0.7,0.49634704553405945
no.SV,1993,169,5,SV,0,1.6,0.14925373134328357,0,12,0.8333333333333334,0.4166666666666667,1.4250279952457225
no.SV,2001,169,5,SV,0,1.6,0.19696969696969696,0.07575757575757576,21,0.47619047619047616,0.5238095238095238,1.946175062203347
no.SV,2005,169,5,SV,1,1.6,0.5161290322580645,0.4838709677419355,2,1,1,2.625322887082256
no.SV,2009,169,5,SV,1,1.6,0.625,0.5625,4,0.75,0.5,2.471322702003099
no.SV,2013,169,3,SV,0,1.6,0.3644859813084112,0.08411214953271028,9,1,0.4444444444444444,1.6040927767319557
no.V,1993,169,5,V,0,5.1,1,0,1,0,0,0
no.V,2001,169,5,V,1,5.1,0,0,2,1,0.5,0
no.V,2005,169,5,V,0,5.1,0.09322033898305085,0,9,0.5555555555555556,0.3333333333333333,1.0157340627716047
no.V,2009,169,5,V,0,5.1,0.4585987261146497,0.05732484076433121,9,0.8888888888888888,0.3333333333333333,2.2951894773290737
no.V,2013,169,3,V,1,5.1,0.16981132075471697,0.1320754716981132,9,0.5555555555555556,0.3333333333333333,1.141766710724856
pt.BE,1999,230,4,BE,0,1.6,0,0,4,0,0.25,0
pt.BE,2002,230,4,BE,0,1.6,0,0,6,0.3333333333333333,0.3333333333333333,0
pt.BE,2005,230,5,BE,0,1.6,0,0,12,0.4166666666666667,0.3333333333333333,0
pt.BE,2009,230,3,BE,0,1.6,0.00315884476534296,9.025270758122744e-4,16,0.5625,0.3125,0.6053979115422639
pt.BE,2011,230,5,BE,0,1.6,0,0,12,0.9166666666666666,0.5,0
pt.CDS-PP,1991,230,5,CDS-PP,0,8,0.1,0.1,6,0,0.16666666666666666,0.6852919086053768
pt.CDS-PP,1995,230,5,CDS-PP,0,8,0.04451038575667656,0.020771513353115726,9,0,0.2222222222222222,1.4226132232051985
pt.CDS-PP,1999,230,4,CDS-PP,0,8,0,0,10,0.4,0.2,0
pt.CDS-PP,2002,230,4,CDS-PP,1,8,0.05084745762711865,0,10,0.7,0.2,0.6037363831232272
pt.CDS-PP,2005,230,5,CDS-PP,0,8,0.001697792869269949,0,8,0.75,0,0.25625038710762843
pt.CDS-PP,2009,230,3,CDS-PP,0,8,0,0,3,1,0.3333333333333333,0
pt.CDS-PP,2011,230,5,CDS-PP,1,8,0.13142857142857142,0,3,1,0.3333333333333333,0.7465760446361583
pt.PCP,1991,230,5,PCP,0,2.2,0.006418485237483954,0.005134788189987163,19,0,0.15789473684210525,0.5939437942846366
pt.PCP,1995,230,5,PCP,0,2.2,0.005578800557880056,0.001394700139470014,12,0.5833333333333334,0.16666666666666666,0.6559817758274054
pt.PCP,1999,230,4,PCP,0,2.2,0,0,14,0.7142857142857143,0.2857142857142857,0
pt.PCP,2002,230,4,PCP,0,2.2,0,0,8,1,0.25,0
pt.PCP,2005,230,5,PCP,0,2.2,0,0,14,0.5714285714285714,0.14285714285714285,0
pt.PCP,2009,230,3,PCP,0,2.2,0.001444043321299639,0,13,0.7692307692307693,0.15384615384615385,0.060438340398644215
pt.PCP,2011,230,5,PCP,0,2.2,0,0,18,0.6666666666666666,0.3333333333333333,0
pt.PEV,1991,230,5,PEV,0,1.7,0.08333333333333333,0,2,0,0.5,0.28867513459481303
pt.PEV,1995,230,5,PEV,0,1.7,0,0,2,1,1,0
pt.PEV,1999,230,4,PEV,0,1.7,0,0,2,1,1,0
pt.PEV,2002,230,4,PEV,0,1.7,0,0,3,0.6666666666666666,0.6666666666666666,0
pt.PEV,2005,230,5,PEV,0,1.7,0,0,3,1,0.3333333333333333,0
pt.PEV,2009,230,3,PEV,0,1.7,0,0,2,1,0.5,0
pt.PEV,2011,230,5,PEV,0,1.7,0,0,2,1,0.5,0
pt.PS,1991,230,5,PS,0,4,0.023928215353938187,0.009970089730807577,47,0,0.14893617021276595,0.5331805706540045
pt.PS,1995,230,5,PS,1,4,0.04250797024442083,0.04250797024442083,60,0.26666666666666666,0.06666666666666667,0.6603923058520235
pt.PS,1999,230,4,PS,1,4,0.042105263157894736,0.042105263157894736,58,0.5862068965517241,0.1896551724137931,0.5952863042232199
pt.PS,2002,230,4,PS,0,4,0.007122507122507123,0.007122507122507123,39,0.8717948717948718,0.23076923076923078,0.31037981281575416
pt.PS,2005,230,5,PS,1,4,0.07764390896921017,0.07764390896921017,41,0.4634146341463415,0.34146341463414637,0.8885648285229172
pt.PS,2009,230,3,PS,1,4,0.10610932475884244,0.10610932475884244,19,0.7368421052631579,0.10526315789473684,1.0653973085440722
pt.PS,2011,230,5,PS,0,4,0.004437869822485207,0.0036982248520710057,41,0.8048780487804879,0.2682926829268293,0.24819861858564993
pt.PSD,1991,230,5,PSD,1,6.3,0.11444141689373297,0.11444141689373297,40,0,0.1,1.1042284027583678
pt.PSD,1995,230,5,PSD,0,6.3,0.0364963503649635,0.01897810218978102,49,0.5918367346938775,0.061224489795918366,0.7503556615788315
pt.PSD,1999,230,4,PSD,0,6.3,0.00847457627118644,0.00211864406779661,39,0.6410256410256411,0.05128205128205128,0.3471666821281639
pt.PSD,2002,230,4,PSD,1,6.3,0.1408,0.0512,39,0.5128205128205128,0.10256410256410256,1.203624863288591
pt.PSD,2005,230,5,PSD,0,6.3,0.002352941176470588,0,27,0.8518518518518519,0,0.10883134794296159
pt.PSD,2009,230,3,PSD,0,6.3,0.04047619047619048,0.02619047619047619,21,0.7142857142857143,0.14285714285714285,0.5410205894291589
pt.PSD,2011,230,5,PSD,1,6.3,0.33573141486810554,0.07194244604316546,20,0.75,0.1,1.427267436783806
ro_ca.PD-L,1996,412,5,PD-L,1,5.4,0.35802469135802467,0.04938271604938271,17,0.5882352941176471,0,0.8155289811072781
ro_ca.PER,1996,412,5,PER,0,2.6,0.9473684210526315,0.7368421052631579,3,0.3333333333333333,0,1.1883203537589915
ro_ca.PNL,1996,412,5,PNL,1,6.1,0.8023255813953488,0.08139534883720931,7,0.2857142857142857,0,0.7643299655165937
ro_ca.PNTCD,1996,412,5,PNTCD,1,5.5,0.5186046511627908,0.06744186046511629,33,0.3333333333333333,0,0.9049642336996537
ro_ca.PRM,1996,412,5,PRM,0,6.7,0,0,2,0,0.5,0
ro_ca.PSD,1996,412,5,PSD,1,3.2,0.18604651162790697,0.06201550387596899,34,0.38235294117647056,0.14705882352941177,1.1482148979389277
ro_ca.PUNR,1996,412,5,PUNR,0,5.6,0,0,3,0.6666666666666666,0,0
ro_ca.UDMR,1996,412,5,UDMR,1,6,0,0,5,0.8,0,0
ro_se.PD-L,1996,176,5,PD-L,1,5.4,0.46153846153846156,0.07692307692307693,4,0,0,0.33412028318610565
ro_se.PER,1996,176,5,PER,0,2.6,1,1,1,0,0,1.1309288218097546
ro_se.PNL,1996,176,5,PNL,1,6.1,0.3888888888888889,0.05555555555555555,8,0.125,0,1.06990860988102
ro_se.PNTCD,1996,176,5,PNTCD,1,5.5,0.8682170542635659,0.05426356589147287,14,0.2857142857142857,0,1.2830576144917512
ro_se.PRM,1996,176,5,PRM,0,6.7,0,0,2,0.5,0,0
ro_se.PSD,1996,176,5,PSD,1,3.2,0.38095238095238093,0.09523809523809523,12,0.5833333333333334,0.08333333333333333,1.469471899065028
se.C,1988,349,4,C,0,5.8,0.09404548939432661,0.042422693585484283,40,0.85,0.35,1.2318581841184144
se.C,1991,349,4,C,1,5.8,0.3678373382624769,0.11182994454713494,31,0.8387096774193549,0.41935483870967744,1.2462989824824768
se.C,1994,349,5,C,0,5.8,0.1148846960167715,0.0129979035639413,30,0.7333333333333333,0.43333333333333335,1.2778777089165652
se.C,1998,349,5,C,0,5.8,0.12689604143544211,0.0059193488716241215,18,0.6111111111111112,0.5555555555555556,1.3843147207128126
se.C,2002,349,5,C,0,5.8,0.11643835616438356,0.0015806111696522655,25,0.48,0.48,1.1124462524932162
se.C,2006,349,5,C,1,5.8,0.26099706744868034,0.04105571847507331,26,0.5769230769230769,0.4230769230769231,1.0653880398898068
se.C,2010,349,5,C,1,5.8,0.07207207207207207,0.009009009009009009,25,0.6,0.36,0.5255346155273384
se.C,2014,349,2,C,0,5.8,0.08721804511278196,0,24,0.875,0.375,0.5266926646636958
se.FP,1988,349,4,FP,0,6.3,0.044191714053614946,0.002437043054427295,44,0.8863636363636364,0.4090909090909091,1.005925847599651
se.FP,1991,349,4,FP,1,6.3,0.40152963671128106,0.10325047801147227,33,0.7878787878787878,0.3333333333333333,1.3210009639298625
se.FP,1994,349,5,FP,0,6.3,0.2036736898973528,0.01242571582928147,28,0.7857142857142857,0.39285714285714285,1.3395641772685674
se.FP,1998,349,5,FP,0,6.3,0.30311017395888246,0.010015814443858724,20,0.5,0.45,1.5248792054766247
se.FP,2002,349,5,FP,0,6.3,0.09500924214417746,0.0014787430683918669,48,0.3541666666666667,0.4791666666666667,0.9600019603659801
se.FP,2006,349,5,FP,1,6.3,0.21089808274470231,0.04641775983854692,28,0.8571428571428571,0.5357142857142857,1.316973712118972
se.FP,2010,349,5,FP,1,6.3,0.07317073170731707,0.013303769401330377,23,0.8260869565217391,0.4782608695652174,0.6364538525394136
se.FP,2014,349,2,FP,0,6.3,0.055408970976253295,0,22,0.6818181818181818,0.36363636363636365,0.2705593538984441
se.KD,1991,349,4,KD,1,7.2,0.41007194244604317,0.08393285371702638,26,0,0.2692307692307692,1.343867461611238
se.KD,1994,349,5,KD,0,7.2,0.08843830888697153,0.004314063848144953,18,0.7777777777777778,0.2777777777777778,1.3187102567980649
se.KD,1998,349,5,KD,0,7.2,0.07456084923543536,0.0011373688866422344,45,0.4888888888888889,0.4444444444444444,0.9529151895295465
se.KD,2002,349,5,KD,0,7.2,0.05260228221541887,2.7831895352073476e-4,34,0.7647058823529411,0.29411764705882354,1.0341651427064378
se.KD,2006,349,5,KD,1,7.2,0.35400516795865633,0.03875968992248062,25,0.72,0.44,0.9986559751758174
se.KD,2010,349,5,KD,1,7.2,0.1461794019933555,0.0033222591362126247,21,0.5714285714285714,0.38095238095238093,0.5481669711884208
se.KD,2014,349,2,KD,0,7.2,0.1475826972010178,0,17,0.7647058823529411,0.35294117647058826,0.3403242442633721
se.M,1988,349,4,M,0,7.9,0.04685702332392009,0.0036607049471812573,63,0.873015873015873,0.30158730158730157,1.255048720549292
se.M,1991,349,4,M,1,7.9,0.2937799043062201,0.05263157894736842,67,0.6716417910447762,0.26865671641791045,1.3138033634531736
se.M,1994,349,5,M,0,7.9,0.051698301698301696,0.0018731268731268732,84,0.7976190476190477,0.30952380952380953,1.0049381478950488
se.M,1998,349,5,M,0,7.9,0.056339427662957076,9.936406995230524e-4,83,0.7349397590361446,0.3253012048192771,1.0420262986507365
se.M,2002,349,5,M,0,7.9,0.08908093734419145,4.985873358816686e-4,60,0.6833333333333333,0.4,1.1218949430467893
se.M,2006,349,5,M,1,7.9,0.1193304535637149,0.017278617710583154,91,0.37362637362637363,0.43956043956043955,0.8607362208341512
se.M,2010,349,5,M,1,7.9,0.02447761194029851,0,93,0.6344086021505376,0.4731182795698925,0.31067569484132646
se.M,2014,349,2,M,0,7.9,0.11562350692785475,0,75,0.8533333333333334,0.5333333333333333,0.7134761580605518
se.MP,1988,349,4,MP,0,3.4,0.004336734693877551,2.5510204081632655e-4,24,0.041666666666666664,0.375,0.5198469527288005
se.MP,1991,349,4,MP,0,3.4,1,0,1,0,1,0
se.MP,1994,349,5,MP,0,3.4,0.02118513969910961,0.002456248081056187,20,0.3,0.65,0.8939522982842878
se.MP,1998,349,5,MP,0,3.4,0.08141420694129095,0.0029192345118391177,19,0.5789473684210527,0.5789473684210527,1.4359462039491113
se.MP,2002,349,5,MP,0,3.4,0.08879184861717612,0.002911208151382824,21,0.7142857142857143,0.6190476190476191,1.353843317446541
se.MP,2006,349,5,MP,0,3.4,0.033356024506466984,0.014295439074200136,21,0.42857142857142855,0.42857142857142855,0.9582460857572169
se.MP,2010,349,5,MP,0,3.4,0.005420054200542005,5.420054200542005e-4,27,0.5925925925925926,0.5185185185185185,0.29861417031772014
se.MP,2014,349,2,MP,1,3.4,0.007936507936507936,0.007936507936507936,21,0.47619047619047616,0.47619047619047616,0.32836033990193275
se.NYD,1991,349,4,NYD,0,9,6.798096532970768e-4,0,23,0,0.08695652173913043,0.39999999999999997
se.S,1988,349,4,S,1,3.4,0.090247173788082,0.090247173788082,163,0.803680981595092,0.4171779141104294,0.7546448025343104
se.S,1991,349,4,S,0,3.4,0.03022613627882678,0.016195238450630645,145,0.8758620689655172,0.4068965517241379,0.8142850591419248
se.S,1994,349,5,S,1,3.4,0.04490363600238426,0.04490363600238426,171,0.5672514619883041,0.4853801169590643,0.7333549278574778
se.S,1998,349,5,S,1,3.4,0.020276497695852536,0.020276497695852536,138,0.8405797101449275,0.4855072463768116,0.5885566948830087
se.S,2002,349,5,S,1,3.4,0.016951812902213155,0.016951812902213155,157,0.6878980891719745,0.49044585987261147,0.5135205119122693
se.S,2006,349,5,S,0,3.4,0.028376205787781352,0.001045016077170418,143,0.7692307692307693,0.48951048951048953,0.3177651180148854
se.S,2010,349,5,S,0,3.4,0.007506983240223464,0,119,0.7478991596638656,0.48739495798319327,0.1898326178530859
se.S,2014,349,2,S,1,3.4,0.002898550724637681,9.66183574879227e-4,107,0.6728971962616822,0.5046728971962616,0.11160145969718131
se.SD,2010,349,5,SD,0,8.7,0,0,22,0,0.18181818181818182,0
se.SD,2014,349,2,SD,0,8.7,0,0,44,0.38636363636363635,0.20454545454545456,0
se.V,1988,349,4,V,0,1.5,0.11519078473722102,0.10775137988960883,20,0.6,0.25,1.3953000192835319
se.V,1991,349,4,V,0,1.5,0.09523809523809523,0.019288728149487643,14,0.8571428571428571,0.21428571428571427,1.8581082126042345
se.V,1994,349,5,V,0,1.5,0.0502092050209205,0.006085964244960061,24,0.4166666666666667,0.4583333333333333,1.621857118275432
se.V,1998,349,5,V,0,1.5,0.07085628442663996,0.004506760140210316,40,0.45,0.375,1.5104760610739334
se.V,2002,349,5,V,0,1.5,0.035385704175513094,7.077140835102619e-4,28,0.8571428571428571,0.4642857142857143,1.5127461485465628
se.V,2006,349,5,V,0,1.5,0.029484536082474228,0.008453608247422681,23,0.43478260869565216,0.6521739130434783,1.464609570616889
se.V,2010,349,5,V,0,1.5,0.005737091544025941,0,21,0.6666666666666666,0.5714285714285714,0.4166158533707807
se.V,2014,349,2,V,0,1.5,0.0011890606420927466,0.0011890606420927466,21,0.6190476190476191,0.5714285714285714,0.15778641172210595
sk.ANO,1998,150,5,ANO,0,7.2,1,0.8571428571428571,1,0,0,2.1659705841558816
sk.HZDS,1998,150,5,HZDS,0,4.9,0.4153846153846154,0.26153846153846155,10,0.6,0,1.2276172144268882
sk.HZDS,2006,150,5,HZDS,1,4.9,0.5666666666666667,0,5,0.8,0,1.396318689394703
sk.KDH,1998,150,5,KDH,0,7.1,0.432258064516129,0.3870967741935484,6,0.5,0.16666666666666666,1.409844858798271
sk.KDH,2006,150,5,KDH,0,7.1,0.135678391959799,0.005025125628140704,10,0.9,0.1,0.3668289684082924
sk.KDH,2010,150,3,KDH,1,7.1,0.6216216216216216,0.10810810810810811,5,0.6,0.2,0.9416297927883689
sk.KDH,2012,150,4,KDH,0,7.1,0.17562724014336917,0.0035842293906810036,11,0.8181818181818182,0.09090909090909091,0.580514598334574
sk.MOST-HID,2010,150,3,MOST-HID,1,7.4,0.13333333333333333,0,3,0.6666666666666666,0,0.5241773600241667
sk.MOST-HID,2012,150,4,MOST-HID,0,7.4,0.2345679012345679,0,8,0.75,0,0.3325707717920761
sk.OLANO,2012,150,4,OLANO,0,7.4,0.03240058910162003,0.0029455081001472753,11,0.36363636363636365,0.18181818181818182,0.5746690614993383
sk.SAS,2010,150,3,SAS,1,6,0.13432835820895522,0,9,0,0.2222222222222222,0.5145656204778724
sk.SAS,2012,150,4,SAS,0,6,0.2807017543859649,0,8,1,0.125,0.6656136076241065
sk.SDKU-DS,1998,150,5,SDKU-DS,1,7.3,0.5078740157480315,0.2204724409448819,17,0.23529411764705882,0.058823529411764705,1.6769605872520925
sk.SDKU-DS,2006,150,5,SDKU-DS,0,7.3,0.15306122448979592,0.08163265306122448,19,0.5263157894736842,0.10526315789473684,0.9995792873484649
sk.SDKU-DS,2010,150,3,SDKU-DS,1,7.3,0.6415094339622641,0,11,0.6363636363636364,0.18181818181818182,0.5852684154005184
sk.SDKU-DS,2012,150,4,SDKU-DS,0,7.3,0.4140625,0,9,1,0.1111111111111111,0.4101543623871648
sk.SDL,1998,150,5,SDL,1,3.2,0.6176470588235294,0.1722689075630252,13,0,0.07692307692307693,1.8739327932119596
sk.SMER-SD,1998,150,5,SMER-SD,0,3.4,1,0.8205128205128205,3,0.3333333333333333,0,1.8721829412526012
sk.SMER-SD,2006,150,5,SMER-SD,1,3.4,0.25,0,22,0.36363636363636365,0.13636363636363635,1.3021514521188844
sk.SMER-SD,2010,150,3,SMER-SD,0,3.4,0.07042253521126761,0.056338028169014086,13,0.7692307692307693,0,1.0353931432257801
sk.SMER-SD,2012,150,4,SMER-SD,1,3.4,0.11976047904191617,0.11976047904191617,25,0.72,0.2,1.1895061436713317
sk.SMK-MKP,1998,150,5,SMK-MKP,1,6.5,0.8766233766233766,0.18181818181818182,11,0.45454545454545453,0.09090909090909091,1.6447639602230115
sk.SMK-MKP,2006,150,5,SMK-MKP,0,6.5,0.6386554621848739,0.07563025210084033,9,0.7777777777777778,0,0.909636129558824
sk.SNS,1998,150,5,SNS,0,7,0.32786885245901637,0.2786885245901639,5,0.4,0,1.6904729884654124
sk.SNS,2006,150,5,SNS,1,7,0.18840579710144928,0,8,0.125,0.125,1.4455949979019656
sk.SNS,2010,150,3,SNS,0,7,0,0,2,1,0,0
sk.SOP,1998,150,5,SOP,1,3.3,0.9565217391304348,0.17391304347826086,5,0,0.2,1.994960972311426
